-- MySQL dump 10.13  Distrib 8.0.41, for Win64 (x86_64)
--
-- Host: localhost    Database: quickdelivery_db
-- ------------------------------------------------------
-- Server version	8.0.41

/*!40101 SET @OLD_CHARACTER_SET_CLIENT=@@CHARACTER_SET_CLIENT */;
/*!40101 SET @OLD_CHARACTER_SET_RESULTS=@@CHARACTER_SET_RESULTS */;
/*!40101 SET @OLD_COLLATION_CONNECTION=@@COLLATION_CONNECTION */;
/*!50503 SET NAMES utf8 */;
/*!40103 SET @OLD_TIME_ZONE=@@TIME_ZONE */;
/*!40103 SET TIME_ZONE='+00:00' */;
/*!40014 SET @OLD_UNIQUE_CHECKS=@@UNIQUE_CHECKS, UNIQUE_CHECKS=0 */;
/*!40014 SET @OLD_FOREIGN_KEY_CHECKS=@@FOREIGN_KEY_CHECKS, FOREIGN_KEY_CHECKS=0 */;
/*!40101 SET @OLD_SQL_MODE=@@SQL_MODE, SQL_MODE='NO_AUTO_VALUE_ON_ZERO' */;
/*!40111 SET @OLD_SQL_NOTES=@@SQL_NOTES, SQL_NOTES=0 */;

--
-- Table structure for table `demande_conge`
--

DROP TABLE IF EXISTS `demande_conge`;
/*!40101 SET @saved_cs_client     = @@character_set_client */;
/*!50503 SET character_set_client = utf8mb4 */;
CREATE TABLE `demande_conge` (
  `id` bigint NOT NULL AUTO_INCREMENT,
  `id_utilisateur` int NOT NULL,
  `date_debut` date NOT NULL,
  `date_fin` date NOT NULL,
  `type_conge` varchar(50) NOT NULL,
  `description_conge` text,
  `statut` varchar(20) NOT NULL DEFAULT 'APPROUVE',
  PRIMARY KEY (`id`),
  KEY `id_utilisateur` (`id_utilisateur`),
  CONSTRAINT `demande_conge_ibfk_1` FOREIGN KEY (`id_utilisateur`) REFERENCES `utilisateur` (`id_user`)
) ENGINE=InnoDB AUTO_INCREMENT=65 DEFAULT CHARSET=utf8mb4 COLLATE=utf8mb4_0900_ai_ci;
/*!40101 SET character_set_client = @saved_cs_client */;

--
-- Dumping data for table `demande_conge`
--

LOCK TABLES `demande_conge` WRITE;
/*!40000 ALTER TABLE `demande_conge` DISABLE KEYS */;
INSERT INTO `demande_conge` VALUES (1,20,'2025-01-10','2025-01-15','Congé Annuel','Vacances en famille à Djerba','APPROUVE'),(2,21,'2025-02-05','2025-02-08','Congé Maladie','Repos suite à une grippe','APPROUVE'),(3,22,'2025-03-01','2025-03-05','Congé Annuel','Voyage culturel dans le sud','APPROUVE'),(4,23,'2025-01-22','2025-01-25','Congé Exceptionnel','Mariage d’un proche','APPROUVE'),(5,24,'2025-03-10','2025-03-14','Congé Annuel','Repos mental après période de surcharge','APPROUVE'),(6,25,'2025-02-01','2025-02-04','Congé Maladie','Repos recommandé par médecin','APPROUVE'),(7,26,'2025-04-10','2025-04-15','Congé Annuel','Participation à une formation à Sfax','APPROUVE'),(8,27,'2025-01-28','2025-01-31','Congé Exceptionnel','Décès dans la famille','APPROUVE'),(9,28,'2025-02-15','2025-02-20','Congé Annuel','Voyage personnel à Tozeur','APPROUVE'),(10,29,'2025-03-25','2025-03-28','Congé Annuel','Temps de repos et récupération','APPROUVE'),(11,30,'2025-01-18','2025-01-20','Congé Maladie','Repos dû à une intoxication alimentaire','APPROUVE'),(12,31,'2025-04-02','2025-04-07','Congé Annuel','Randonnée en montagne','APPROUVE'),(13,32,'2025-02-10','2025-02-12','Congé Exceptionnel','Accompagnement d’un parent à l’hôpital','APPROUVE'),(14,33,'2025-03-14','2025-03-18','Congé Annuel','Retraite spirituelle','APPROUVE'),(15,34,'2025-01-06','2025-01-09','Congé Annuel','Séjour de repos','APPROUVE'),(16,35,'2025-02-20','2025-02-25','Congé Annuel','Voyage organisé par l’association locale','APPROUVE'),(17,36,'2025-03-30','2025-04-03','Congé Annuel','Tourisme à Tataouine','APPROUVE'),(18,37,'2025-01-12','2025-01-16','Congé Maladie','Chirurgie mineure et repos','APPROUVE'),(19,38,'2025-02-05','2025-02-07','Congé Exceptionnel','Urgence familiale','APPROUVE'),(20,39,'2025-03-11','2025-03-15','Congé Annuel','Voyage de noces','APPROUVE'),(21,40,'2025-01-25','2025-01-28','Congé Annuel','Visite de proches à Gafsa','APPROUVE'),(22,41,'2025-04-01','2025-04-04','Congé Maladie','Repos suite à une fatigue chronique','APPROUVE'),(23,42,'2025-03-18','2025-03-21','Congé Exceptionnel','Participation à une cérémonie religieuse','APPROUVE'),(24,43,'2025-02-12','2025-02-16','Congé Annuel','Vacances au Cap Bon','APPROUVE'),(25,44,'2025-01-14','2025-01-17','Congé Annuel','Repos à la campagne','APPROUVE'),(26,45,'2025-02-28','2025-03-03','Congé Annuel','Temps avec les enfants pendant les vacances scolaires','APPROUVE'),(27,46,'2025-03-07','2025-03-09','Congé Maladie','Repos recommandé par médecin','APPROUVE'),(28,47,'2025-04-05','2025-04-10','Congé Annuel','Voyage culturel dans le nord tunisien','APPROUVE'),(29,48,'2025-01-08','2025-01-11','Congé Annuel','Séjour détente à Hammamet','APPROUVE'),(30,49,'2025-03-23','2025-03-27','Congé Annuel','Repos post-mission','APPROUVE'),(31,50,'2025-02-15','2025-02-19','Congé Annuel','Escapade au désert','APPROUVE'),(32,51,'2025-01-20','2025-01-22','Congé Exceptionnel','Journées administratives','APPROUVE'),(33,52,'2025-02-03','2025-02-05','Congé Exceptionnel','Naissance d’un enfant','APPROUVE'),(34,53,'2025-03-12','2025-03-16','Congé Annuel','Voyage en Algérie','APPROUVE'),(35,54,'2025-01-29','2025-02-02','Congé Annuel','Rendez-vous familiaux importants','APPROUVE'),(36,55,'2025-04-08','2025-04-12','Congé Annuel','Tourisme historique à Kairouan','APPROUVE'),(37,56,'2025-03-01','2025-03-04','Congé Annuel','Temps de qualité en famille','APPROUVE'),(38,57,'2025-02-18','2025-02-20','Congé Exceptionnel','Baptême d’un proche','APPROUVE'),(39,58,'2025-01-30','2025-02-02','Congé Annuel','Jours de repos prolongés','APPROUVE'),(40,59,'2025-03-05','2025-03-10','Congé Annuel','Excursion organisée','APPROUVE'),(41,60,'2025-02-22','2025-02-25','Congé Exceptionnel','Accompagnement d’un ami malade','APPROUVE'),(42,61,'2025-04-03','2025-04-07','Congé Annuel','Temps de repos après audit','APPROUVE'),(43,62,'2025-01-15','2025-01-18','Congé Annuel','Retraite spirituelle','APPROUVE'),(44,63,'2025-02-10','2025-02-14','Congé Annuel','Participation à un séminaire personnel','APPROUVE'),(45,64,'2025-03-17','2025-03-20','Congé Maladie','Consultations médicales','APPROUVE'),(46,65,'2025-01-26','2025-01-29','Congé Annuel','Visite chez des amis à Bizerte','APPROUVE'),(47,66,'2025-02-05','2025-02-07','Congé Exceptionnel','Évènement communautaire','APPROUVE'),(48,67,'2025-03-21','2025-03-25','Congé Annuel','Randonnée à El Kef','APPROUVE'),(49,68,'2025-01-17','2025-01-20','Congé Exceptionnel','Cérémonie familiale','APPROUVE'),(50,69,'2025-04-11','2025-04-14','Congé Annuel','Voyage culturel','APPROUVE'),(51,70,'2025-02-19','2025-02-21','Congé Annuel','Temps libre accordé par la direction','APPROUVE'),(52,71,'2025-03-10','2025-03-12','Congé Exceptionnel','Anniversaire d’un parent','APPROUVE'),(53,72,'2025-01-13','2025-01-16','Congé Annuel','Voyage bien-être','APPROUVE'),(54,73,'2025-02-08','2025-02-11','Congé Exceptionnel','Urgence familiale','APPROUVE'),(55,74,'2025-03-28','2025-03-30','Congé Annuel','Séjour court pour repos','APPROUVE'),(56,75,'2025-04-06','2025-04-09','Congé Annuel','Repos approuvé par la RH','APPROUVE'),(57,76,'2025-02-26','2025-03-01','Congé Annuel','Voyage culturel au Maroc','APPROUVE'),(58,31,'2025-05-10','2025-05-11','Congé maladie','dkvkdhh hkdhvjdh ah h jd jdh  h','REFUSE'),(59,19,'2025-05-17','2025-05-17','Congé exceptionnel','eafae fae fea fae fa','APPROUVE'),(60,76,'2025-05-23','2025-05-25','Autre','eahjvj hejvhj ejhvjeh hjevhj','REFUSE'),(61,27,'2025-05-10','2025-05-16','Congé annuel','d,v,n nz,vbznb jbzj zj jz bzj bjz','REFUSE'),(62,30,'2025-05-24','2025-05-31','Congé maladie','qbbqsbqsbqsb','APPROUVE'),(63,27,'2025-05-31','2025-06-27','Autre','eafaaev aevava','APPROUVE'),(64,30,'2025-05-07','2025-05-09','Congé maladie','hghvjj iygg gyggyg ggk','APPROUVE');
/*!40000 ALTER TABLE `demande_conge` ENABLE KEYS */;
UNLOCK TABLES;

--
-- Table structure for table `pointage`
--

DROP TABLE IF EXISTS `pointage`;
/*!40101 SET @saved_cs_client     = @@character_set_client */;
/*!50503 SET character_set_client = utf8mb4 */;
CREATE TABLE `pointage` (
  `id_pointage` int NOT NULL AUTO_INCREMENT,
  `id_user` int NOT NULL,
  `date_pointage` date NOT NULL,
  `heure_entree` time NOT NULL,
  `heure_sortie` time DEFAULT NULL,
  `duree_pause` time DEFAULT NULL,
  `statut` varchar(50) NOT NULL DEFAULT 'PRESENT',
  `commentaire` text,
  `created_at` timestamp NULL DEFAULT CURRENT_TIMESTAMP,
  `updated_at` timestamp NULL DEFAULT CURRENT_TIMESTAMP ON UPDATE CURRENT_TIMESTAMP,
  PRIMARY KEY (`id_pointage`),
  UNIQUE KEY `unique_pointage_par_jour` (`id_user`,`date_pointage`),
  CONSTRAINT `pointage_ibfk_1` FOREIGN KEY (`id_user`) REFERENCES `utilisateur` (`id_user`) ON DELETE CASCADE
) ENGINE=InnoDB AUTO_INCREMENT=93 DEFAULT CHARSET=utf8mb4 COLLATE=utf8mb4_0900_ai_ci;
/*!40101 SET character_set_client = @saved_cs_client */;

--
-- Dumping data for table `pointage`
--

LOCK TABLES `pointage` WRITE;
/*!40000 ALTER TABLE `pointage` DISABLE KEYS */;
INSERT INTO `pointage` VALUES (26,19,'2025-05-09','16:19:05','16:43:36','01:00:00','PRESENT',NULL,'2025-05-09 15:19:05','2025-05-09 15:43:36'),(27,50,'2025-02-12','09:12:00','17:03:00','00:30:00','PRESENT',NULL,'2025-05-09 15:37:32','2025-05-09 15:37:32'),(28,63,'2025-03-02','08:55:00','16:42:00','00:45:00','PRESENT',NULL,'2025-05-09 15:37:32','2025-05-09 15:37:32'),(29,52,'2025-02-17','07:55:00','16:30:00','00:20:00','PRESENT',NULL,'2025-05-09 15:37:32','2025-05-09 15:37:32'),(30,69,'2025-02-28','08:30:00','17:20:00','00:25:00','PRESENT',NULL,'2025-05-09 15:37:32','2025-05-09 15:37:32'),(31,65,'2025-03-11','09:08:00','17:10:00','00:40:00','PRESENT',NULL,'2025-05-09 15:37:32','2025-05-09 15:37:32'),(32,71,'2025-03-15','08:42:00','16:50:00','00:20:00','PRESENT',NULL,'2025-05-09 15:37:32','2025-05-09 15:37:32'),(33,61,'2025-04-01','09:15:00','17:35:00','00:15:00','PRESENT',NULL,'2025-05-09 15:37:32','2025-05-09 15:37:32'),(34,56,'2025-04-04','08:35:00','17:45:00','00:30:00','PRESENT',NULL,'2025-05-09 15:37:32','2025-05-09 15:37:32'),(35,72,'2025-04-08','09:00:00','17:10:00','00:50:00','PRESENT',NULL,'2025-05-09 15:37:32','2025-05-09 15:37:32'),(36,60,'2025-03-14','08:52:00','16:55:00','00:25:00','PRESENT',NULL,'2025-05-09 15:37:32','2025-05-09 15:37:32'),(37,66,'2025-03-22','07:45:00','16:20:00','00:35:00','PRESENT',NULL,'2025-05-09 15:37:32','2025-05-09 15:37:32'),(38,55,'2025-02-27','08:25:00','17:05:00','00:40:00','PRESENT',NULL,'2025-05-09 15:37:32','2025-05-09 15:37:32'),(39,68,'2025-02-19','09:20:00','17:00:00','00:30:00','PRESENT',NULL,'2025-05-09 15:37:32','2025-05-09 15:37:32'),(40,70,'2025-04-10','09:07:00','17:20:00','00:25:00','PRESENT',NULL,'2025-05-09 15:37:32','2025-05-09 15:37:32'),(41,74,'2025-03-25','08:50:00','16:40:00','00:20:00','PRESENT',NULL,'2025-05-09 15:37:32','2025-05-09 15:37:32'),(42,58,'2025-04-06','09:05:00','17:00:00','00:30:00','PRESENT',NULL,'2025-05-09 15:37:32','2025-05-09 15:37:32'),(43,75,'2025-05-03','08:38:00','17:18:00','00:45:00','PRESENT',NULL,'2025-05-09 15:37:32','2025-05-09 15:37:32'),(44,64,'2025-05-01','09:10:00','17:30:00','00:20:00','PRESENT',NULL,'2025-05-09 15:37:32','2025-05-09 15:37:32'),(45,73,'2025-04-15','09:00:00','17:30:00','00:35:00','PRESENT',NULL,'2025-05-09 15:37:32','2025-05-09 15:37:32'),(46,62,'2025-03-30','09:03:00','17:08:00','00:50:00','PRESENT',NULL,'2025-05-09 15:37:32','2025-05-09 15:37:32'),(47,20,'2025-02-10','09:00:00','17:00:00','00:30:00','PRESENT',NULL,'2025-05-09 15:38:25','2025-05-09 15:38:25'),(48,21,'2025-02-13','08:45:00','16:50:00','00:25:00','PRESENT',NULL,'2025-05-09 15:38:25','2025-05-09 15:38:25'),(49,22,'2025-02-14','09:10:00','17:20:00','00:20:00','PRESENT',NULL,'2025-05-09 15:38:25','2025-05-09 15:38:25'),(50,23,'2025-02-16','08:50:00','16:45:00','00:30:00','PRESENT',NULL,'2025-05-09 15:38:25','2025-05-09 15:38:25'),(51,24,'2025-02-18','09:15:00','17:10:00','00:25:00','PRESENT',NULL,'2025-05-09 15:38:25','2025-05-09 15:38:25'),(52,25,'2025-02-19','09:00:00','17:30:00','00:35:00','PRESENT',NULL,'2025-05-09 15:38:25','2025-05-09 15:38:25'),(53,26,'2025-02-20','08:40:00','17:00:00','00:30:00','PRESENT',NULL,'2025-05-09 15:38:25','2025-05-09 15:38:25'),(54,27,'2025-02-21','09:05:00','17:15:00','00:30:00','PRESENT',NULL,'2025-05-09 15:38:25','2025-05-09 15:38:25'),(55,28,'2025-02-22','09:30:00','17:40:00','00:20:00','PRESENT',NULL,'2025-05-09 15:38:25','2025-05-09 15:38:25'),(56,29,'2025-02-23','08:50:00','17:00:00','00:25:00','PRESENT',NULL,'2025-05-09 15:38:25','2025-05-09 15:38:25'),(57,30,'2025-02-24','09:00:00','17:15:00','00:20:00','PRESENT',NULL,'2025-05-09 15:38:25','2025-05-09 15:38:25'),(58,31,'2025-02-25','09:05:00','17:30:00','00:30:00','PRESENT',NULL,'2025-05-09 15:38:25','2025-05-09 15:38:25'),(59,32,'2025-02-26','09:10:00','17:20:00','00:25:00','PRESENT',NULL,'2025-05-09 15:38:25','2025-05-09 15:38:25'),(60,33,'2025-02-27','09:00:00','17:05:00','00:30:00','PRESENT',NULL,'2025-05-09 15:38:25','2025-05-09 15:38:25'),(61,34,'2025-02-28','09:00:00','17:10:00','00:35:00','PRESENT',NULL,'2025-05-09 15:38:25','2025-05-09 15:38:25'),(62,35,'2025-03-01','08:45:00','16:50:00','00:20:00','PRESENT',NULL,'2025-05-09 15:38:25','2025-05-09 15:38:25'),(63,36,'2025-03-02','09:00:00','17:05:00','00:25:00','PRESENT',NULL,'2025-05-09 15:38:25','2025-05-09 15:38:25'),(64,37,'2025-03-03','09:15:00','17:15:00','00:30:00','PRESENT',NULL,'2025-05-09 15:38:25','2025-05-09 15:38:25'),(65,38,'2025-03-04','08:50:00','17:30:00','00:30:00','PRESENT',NULL,'2025-05-09 15:38:25','2025-05-09 15:38:25'),(66,39,'2025-03-05','09:05:00','17:20:00','00:35:00','PRESENT',NULL,'2025-05-09 15:38:25','2025-05-09 15:38:25'),(67,40,'2025-03-06','09:00:00','17:10:00','00:30:00','PRESENT',NULL,'2025-05-09 15:38:25','2025-05-09 15:38:25'),(68,41,'2025-03-07','08:55:00','17:00:00','00:25:00','PRESENT',NULL,'2025-05-09 15:38:25','2025-05-09 15:38:25'),(69,42,'2025-03-08','09:10:00','17:30:00','00:20:00','PRESENT',NULL,'2025-05-09 15:38:25','2025-05-09 15:38:25'),(70,43,'2025-03-09','09:00:00','17:20:00','00:30:00','PRESENT',NULL,'2025-05-09 15:38:25','2025-05-09 15:38:25'),(71,44,'2025-03-10','08:50:00','17:05:00','00:25:00','PRESENT',NULL,'2025-05-09 15:38:25','2025-05-09 15:38:25'),(72,45,'2025-03-11','09:15:00','17:30:00','00:35:00','PRESENT',NULL,'2025-05-09 15:38:25','2025-05-09 15:38:25'),(73,46,'2025-03-12','09:00:00','17:10:00','00:20:00','PRESENT',NULL,'2025-05-09 15:38:25','2025-05-09 15:38:25'),(74,47,'2025-03-13','08:55:00','17:20:00','00:30:00','PRESENT',NULL,'2025-05-09 15:38:25','2025-05-09 15:38:25'),(75,48,'2025-03-14','09:05:00','17:25:00','00:25:00','PRESENT',NULL,'2025-05-09 15:38:25','2025-05-09 15:38:25'),(76,49,'2025-03-15','08:40:00','17:15:00','00:30:00','PRESENT',NULL,'2025-05-09 15:38:25','2025-05-09 15:38:25'),(77,50,'2025-03-16','09:10:00','17:20:00','00:30:00','PRESENT',NULL,'2025-05-09 15:38:25','2025-05-09 15:38:25'),(78,52,'2025-05-09','16:43:12','16:46:18','01:00:00','PRESENT',NULL,'2025-05-09 15:43:12','2025-05-09 15:46:18'),(80,8,'2025-05-09','16:49:47','16:50:05','01:00:00','PRESENT',NULL,'2025-05-09 15:49:47','2025-05-09 15:50:05'),(81,22,'2025-05-09','16:53:43','19:08:00','01:00:00','PRESENT',NULL,'2025-05-09 15:53:43','2025-05-09 16:08:25'),(82,29,'2025-05-09','16:54:39','18:31:00','01:00:00','PRESENT',NULL,'2025-05-09 15:54:39','2025-05-09 17:32:14'),(83,31,'2025-05-09','12:00:00','17:00:00','01:00:00','PRESENT',NULL,'2025-05-09 16:00:49','2025-05-09 16:00:59'),(86,31,'2025-05-01','08:21:00','17:24:00','01:00:00','PRESENT',NULL,'2025-05-09 16:22:31','2025-05-09 16:24:23'),(87,31,'2025-05-02','08:24:00','17:24:00','01:00:00','PRESENT',NULL,'2025-05-09 16:24:48','2025-05-09 16:25:01'),(88,31,'2025-05-04','08:25:00','17:25:00','01:00:00','PRESENT',NULL,'2025-05-09 16:25:14','2025-05-09 16:25:28'),(89,18,'2025-05-09','17:35:18','17:35:27','01:00:00','PRESENT',NULL,'2025-05-09 16:35:18','2025-05-09 16:35:27'),(91,74,'2025-05-09','08:15:00','18:16:04','01:00:00','PRESENT',NULL,'2025-05-09 17:15:47','2025-05-09 17:16:04'),(92,36,'2025-04-16','18:31:00',NULL,NULL,'PRESENT',NULL,'2025-05-09 17:31:37','2025-05-09 17:31:37');
/*!40000 ALTER TABLE `pointage` ENABLE KEYS */;
UNLOCK TABLES;

--
-- Table structure for table `utilisateur`
--

DROP TABLE IF EXISTS `utilisateur`;
/*!40101 SET @saved_cs_client     = @@character_set_client */;
/*!50503 SET character_set_client = utf8mb4 */;
CREATE TABLE `utilisateur` (
  `id_user` int NOT NULL AUTO_INCREMENT,
  `nom` varchar(50) COLLATE utf8mb4_general_ci NOT NULL DEFAULT 'Nom',
  `prenom` varchar(50) COLLATE utf8mb4_general_ci NOT NULL DEFAULT 'Prénom',
  `email` varchar(255) CHARACTER SET utf8mb4 COLLATE utf8mb4_general_ci DEFAULT NULL,
  `telephone` varchar(8) COLLATE utf8mb4_general_ci NOT NULL,
  `adresse` text COLLATE utf8mb4_general_ci NOT NULL,
  `date_naissance` date DEFAULT NULL,
  `date_debut_contrat` date DEFAULT NULL,
  `date_fin_contrat` date DEFAULT NULL,
  `password` varchar(255) COLLATE utf8mb4_general_ci DEFAULT NULL,
  `salaire` double DEFAULT NULL,
  `type_utilisateur` enum('ADMIN','RESPONSABLE','CLIENT','LIVREUR','MAGASINIER') COLLATE utf8mb4_general_ci NOT NULL,
  `statut` enum('CONGE','ACTIF','INACTIF','ABSENT') COLLATE utf8mb4_general_ci NOT NULL DEFAULT 'ACTIF',
  `created_at` timestamp NOT NULL DEFAULT CURRENT_TIMESTAMP,
  `updated_at` timestamp NOT NULL DEFAULT CURRENT_TIMESTAMP ON UPDATE CURRENT_TIMESTAMP,
  `photo_url` varchar(255) COLLATE utf8mb4_general_ci DEFAULT NULL,
  PRIMARY KEY (`id_user`),
  UNIQUE KEY `telephone` (`telephone`),
  UNIQUE KEY `email` (`email`)
) ENGINE=InnoDB AUTO_INCREMENT=78 DEFAULT CHARSET=utf8mb4 COLLATE=utf8mb4_general_ci;
/*!40101 SET character_set_client = @saved_cs_client */;

--
-- Dumping data for table `utilisateur`
--

LOCK TABLES `utilisateur` WRITE;
/*!40000 ALTER TABLE `utilisateur` DISABLE KEYS */;
INSERT INTO `utilisateur` VALUES (6,'a','a','aaa@mail','45785451','ukzef','2025-04-24','2025-04-24','2025-04-24','nsfn,s,n,',8000,'ADMIN','INACTIF','2025-04-24 21:40:45','2025-05-07 22:45:55',NULL),(7,'ahmed','rich','rich@m','89674125','had','2025-04-25','2025-04-25','2025-04-25','khvkqcskq',800,'ADMIN','ACTIF','2025-04-25 14:27:37','2025-05-09 22:01:40',NULL),(8,'azeaze','dvcb','hhfjd@aa','64115415','','2025-04-25','2025-04-25','2025-04-25','fdghbjnk,;l:',478,'MAGASINIER','INACTIF','2025-04-25 14:38:03','2025-05-08 01:16:52',NULL),(9,'fghj','fghj','fghj@m','8888888','fdgvbn','2025-04-25','2025-04-25','2025-04-25','gvbnk,;lm:',52852,'ADMIN','CONGE','2025-04-25 15:31:24','2025-04-25 19:16:29',NULL),(10,'azsdxw','azsdxw','azsdxw@azsx','15841258','sdfghjk','2025-04-25',NULL,NULL,'abcdefg',NULL,'ADMIN','ABSENT','2025-04-25 15:48:04','2025-04-26 10:37:43',NULL),(12,'aaa','aaa','aaa@aa@a','12345678','azert,azer',NULL,NULL,NULL,'Rached1998',NULL,'CLIENT','INACTIF','2025-04-25 18:11:14','2025-05-08 10:17:25',NULL),(15,'ena','ena','ena@howa','87654321','aaaaa',NULL,NULL,NULL,'Rached1998',NULL,'CLIENT','ACTIF','2025-04-25 18:22:15','2025-04-25 19:16:29',NULL),(17,'a','a','a@a','87654322','aaaaa',NULL,NULL,NULL,'Rached1998',NULL,'RESPONSABLE','CONGE','2025-04-25 18:27:01','2025-04-25 20:09:57',NULL),(18,'rached','hadj','azer@tyui','55225522','aaaaaaaaa','2025-04-25',NULL,NULL,'Rached123',NULL,'RESPONSABLE','ACTIF','2025-04-25 19:57:52','2025-05-09 23:34:53','1746833653915_IMG_1414.JPG'),(19,'ahmed','mohamed','hfh@gmail','12398564','rue med 5','2000-04-08','2025-04-04','2026-04-04','Amin12347',1500,'LIVREUR','ACTIF','2025-04-25 21:02:46','2025-04-25 21:02:46',NULL),(20,'hadja','mayssa','mayy@gmail.com','12587964','rue ta','1996-04-12','2025-04-18','2026-04-11','rached1452',3500,'RESPONSABLE','ACTIF','2025-04-26 14:11:04','2025-04-26 14:11:04',NULL),(21,'asd','sqa','aze@ehjhj','14785697','dbjqhfjq hj',NULL,NULL,NULL,'Rached1234',NULL,'CLIENT','ACTIF','2025-05-07 23:58:47','2025-05-07 23:58:47',NULL),(22,'aaa','azesdq','azeuay@faga','55879641','',NULL,NULL,NULL,NULL,NULL,'LIVREUR','ACTIF','2025-05-08 00:00:46','2025-05-08 00:00:46',NULL),(23,'aa','aze','azer@gmalmkf','14527896','',NULL,NULL,NULL,NULL,NULL,'LIVREUR','ACTIF','2025-05-08 00:05:33','2025-05-08 00:05:33',NULL),(24,'aa','aaaazz','qhjfhq@hdjfh','85267413','azazrazaze','1997-05-02','2025-05-08','2028-05-06','azertyU1',1450,'RESPONSABLE','ACTIF','2025-05-08 10:05:30','2025-05-08 10:05:30',NULL),(25,'Hadj Amor','Osswa','osswahadjamor@gmail.com','97643128','gsghqgqh','2000-05-09','2025-05-08',NULL,'Ossoss147',1478,'RESPONSABLE','ACTIF','2025-05-08 10:11:56','2025-05-08 10:11:56','1746698997693_IMG_5996.JPG'),(26,'Ben Ali','Mohamed',NULL,'24567890','Ariana','1990-06-15','2023-04-01',NULL,NULL,950,'LIVREUR','ACTIF','2025-05-09 15:29:18','2025-05-09 15:29:18',NULL),(27,'Trabelsi','Ahmed',NULL,'24567891','Tunis','1988-12-20','2023-03-15',NULL,NULL,1000,'MAGASINIER','ACTIF','2025-05-09 15:29:18','2025-05-09 15:29:18',NULL),(28,'Gharbi','Sami',NULL,'24567892','Nabeul','1992-09-10','2023-07-10',NULL,NULL,980,'LIVREUR','ACTIF','2025-05-09 15:29:18','2025-05-09 15:29:18',NULL),(29,'Jaziri','Yassine',NULL,'24567893','Sousse','1995-01-05','2024-01-02',NULL,NULL,970,'MAGASINIER','ACTIF','2025-05-09 15:29:18','2025-05-09 15:29:18',NULL),(30,'Chaabane','Fares',NULL,'24567894','Kairouan','1991-03-18','2023-05-01',NULL,NULL,990,'LIVREUR','ACTIF','2025-05-09 15:29:18','2025-05-09 15:29:18',NULL),(31,'Ben Salah','Walid',NULL,'24567895','Monastir','1987-11-30','2023-02-20',NULL,NULL,1020,'MAGASINIER','ACTIF','2025-05-09 15:29:18','2025-05-09 15:29:18',NULL),(32,'Masmoudi','Hatem',NULL,'24567896','Bizerte','1993-07-07','2023-10-05',NULL,NULL,970,'LIVREUR','ACTIF','2025-05-09 15:29:18','2025-05-09 15:29:18',NULL),(33,'Zribi','Omar',NULL,'24567897','Mahdia','1996-05-21','2024-03-01',NULL,NULL,960,'MAGASINIER','ACTIF','2025-05-09 15:29:18','2025-05-09 15:29:18',NULL),(34,'Baccouche','Anis',NULL,'24567898','Gabès','1990-08-14','2023-06-18',NULL,NULL,980,'LIVREUR','ACTIF','2025-05-09 15:29:18','2025-05-09 15:29:18',NULL),(35,'Kallel','Nidhal',NULL,'24567899','Sfax','1994-10-22','2023-11-11',NULL,NULL,1000,'MAGASINIER','ACTIF','2025-05-09 15:29:18','2025-05-09 15:29:18',NULL),(36,'Hlali','Aymen',NULL,'24567900','Tataouine','1992-02-03','2023-12-01',NULL,NULL,1010,'LIVREUR','ACTIF','2025-05-09 15:29:18','2025-05-09 15:29:18',NULL),(37,'Ayari','Slim',NULL,'24567901','Jendouba','1989-04-27','2023-08-01',NULL,NULL,990,'MAGASINIER','ACTIF','2025-05-09 15:29:18','2025-05-09 15:29:18',NULL),(38,'Mahjoub','Mahdi',NULL,'24567902','Kasserine','1997-06-12','2024-02-01',NULL,NULL,950,'LIVREUR','ACTIF','2025-05-09 15:29:18','2025-05-09 15:29:18',NULL),(39,'Kefi','Lotfi',NULL,'24567903','Tozeur','1991-09-30','2023-09-15',NULL,NULL,970,'MAGASINIER','ACTIF','2025-05-09 15:29:18','2025-05-09 15:29:18',NULL),(40,'Guesmi','Fethi',NULL,'24567904','Kébili','1986-03-19','2023-04-10',NULL,NULL,980,'LIVREUR','ACTIF','2025-05-09 15:29:18','2025-05-09 15:29:18',NULL),(41,'Ben Amor','Amine',NULL,'24567905','Médenine','1993-12-25','2023-01-15',NULL,NULL,1000,'MAGASINIER','ACTIF','2025-05-09 15:29:18','2025-05-09 15:29:18',NULL),(42,'Khelifi','Hamza',NULL,'24567906','Siliana','1995-05-06','2024-04-01',NULL,NULL,950,'LIVREUR','ACTIF','2025-05-09 15:29:18','2025-05-09 15:29:18',NULL),(43,'Ferchichi','Adel',NULL,'24567907','Gafsa','1988-07-23','2023-06-01',NULL,NULL,960,'MAGASINIER','ACTIF','2025-05-09 15:29:18','2025-05-09 15:29:18',NULL),(44,'Bouazizi','Rami',NULL,'24567908','Zaghouan','1996-11-11','2023-12-20',NULL,NULL,980,'LIVREUR','ACTIF','2025-05-09 15:29:18','2025-05-09 15:29:18',NULL),(45,'Hajji','Kais',NULL,'24567909','Manouba','1990-01-01','2024-01-05',NULL,NULL,990,'MAGASINIER','ACTIF','2025-05-09 15:29:18','2025-05-09 15:29:18',NULL),(46,'Ben Ali','Rami',NULL,'25147896','Sfax','1990-04-10','2023-01-01',NULL,NULL,1200,'MAGASINIER','ACTIF','2025-05-09 15:36:08','2025-05-09 15:36:08',NULL),(47,'Kacem','Hedi',NULL,'21478596','Ariana','1989-06-14','2022-03-10',NULL,NULL,1100,'LIVREUR','ACTIF','2025-05-09 15:36:08','2025-05-09 15:36:08',NULL),(48,'Gharbi','Walid',NULL,'27458961','Monastir','1993-11-22','2023-02-15',NULL,NULL,1000,'LIVREUR','ACTIF','2025-05-09 15:36:08','2025-05-09 15:36:08',NULL),(49,'Mehdi','Anis',NULL,'28542167','Tunis','1985-09-08','2022-07-01',NULL,NULL,1250,'MAGASINIER','ACTIF','2025-05-09 15:36:08','2025-05-09 15:36:08',NULL),(50,'Trabelsi','Youssef',NULL,'29475896','Bizerte','1992-01-30','2024-01-15',NULL,NULL,1150,'MAGASINIER','ACTIF','2025-05-09 15:36:08','2025-05-09 15:36:08',NULL),(51,'Zribi','Mohamed',NULL,'23458791','Kairouan','1994-10-12','2021-09-10',NULL,NULL,950,'LIVREUR','ACTIF','2025-05-09 15:36:08','2025-05-09 15:36:08',NULL),(52,'Ayari','Fares',NULL,'21478592','Tataouine','1991-03-18','2023-04-01',NULL,NULL,1050,'MAGASINIER','ACTIF','2025-05-09 15:36:08','2025-05-09 15:36:08',NULL),(53,'Jaziri','Tarek',NULL,'29458761','Nabeul','1990-07-25','2022-06-01',NULL,NULL,1000,'LIVREUR','ACTIF','2025-05-09 15:36:08','2025-05-09 15:36:08',NULL),(54,'Sassi','Omar',NULL,'21456987','Mahdia','1988-02-14','2023-08-10',NULL,NULL,1100,'MAGASINIER','ACTIF','2025-05-09 15:36:08','2025-05-09 15:36:08',NULL),(55,'Mrad','Lotfi',NULL,'21784596','Tunis','1995-05-05','2024-02-01',NULL,NULL,1020,'LIVREUR','ACTIF','2025-05-09 15:36:08','2025-05-09 15:36:08',NULL),(56,'Mbarek','Fathi',NULL,'27546985','Gafsa','1987-12-11','2023-05-10',NULL,NULL,1000,'MAGASINIER','ACTIF','2025-05-09 15:36:08','2025-05-09 15:36:08',NULL),(57,'Hammami','Nidhal',NULL,'27458296','Sousse','1993-03-07','2023-03-15',NULL,NULL,990,'LIVREUR','ACTIF','2025-05-09 15:36:08','2025-05-09 15:36:08',NULL),(58,'Slimani','Ali',NULL,'21874596','Kasserine','1992-08-08','2022-11-01',NULL,NULL,970,'MAGASINIER','ACTIF','2025-05-09 15:36:08','2025-05-09 15:36:08',NULL),(59,'Guedria','Bassem',NULL,'22784561','Tunis','1990-04-22','2024-01-01',NULL,NULL,1050,'MAGASINIER','ACTIF','2025-05-09 15:36:08','2025-05-09 15:36:08',NULL),(60,'Lassoued','Moez',NULL,'21547896','Gabès','1989-09-19','2023-09-01',NULL,NULL,1080,'LIVREUR','ACTIF','2025-05-09 15:36:08','2025-05-09 15:36:08',NULL),(61,'Omrani','Yassine',NULL,'26457891','Sfax','1991-10-10','2023-10-15',NULL,NULL,1000,'MAGASINIER','ACTIF','2025-05-09 15:36:08','2025-05-09 15:36:08',NULL),(62,'Rzig','Zied',NULL,'23785469','Siliana','1990-06-16','2022-04-01',NULL,NULL,1040,'LIVREUR','ACTIF','2025-05-09 15:36:08','2025-05-09 15:36:08',NULL),(63,'Zammel','Karim',NULL,'21784569','Tunis','1988-01-11','2023-01-20',NULL,NULL,1060,'MAGASINIER','ACTIF','2025-05-09 15:36:08','2025-05-09 15:36:08',NULL),(64,'Fekih','Issam',NULL,'22547896','Zaghouan','1994-12-23','2023-07-01',NULL,NULL,980,'LIVREUR','ACTIF','2025-05-09 15:36:08','2025-05-09 15:36:08',NULL),(65,'Chaabane','Hichem',NULL,'27548123','Beja','1992-02-10','2023-06-15',NULL,NULL,990,'MAGASINIER','ACTIF','2025-05-09 15:36:08','2025-05-09 15:36:08',NULL),(66,'Dhifallah','Alaa',NULL,'29587412','Moknine','1993-09-01','2024-03-01',NULL,NULL,1020,'MAGASINIER','ACTIF','2025-05-09 15:36:08','2025-05-09 15:36:08',NULL),(67,'Arfaoui','Rami',NULL,'21365879','Jendouba','1995-03-14','2023-03-20',NULL,NULL,1030,'LIVREUR','ACTIF','2025-05-09 15:36:08','2025-05-09 15:36:08',NULL),(68,'Hlima','Lotfi',NULL,'28541236','Tunis','1986-07-30','2022-12-01',NULL,NULL,1150,'MAGASINIER','ACTIF','2025-05-09 15:36:08','2025-05-09 15:36:08',NULL),(69,'Zouari','Habib',NULL,'23589641','Manouba','1990-10-18','2023-02-05',NULL,NULL,1080,'LIVREUR','ACTIF','2025-05-09 15:36:08','2025-05-09 15:36:08',NULL),(70,'Fersi','Anouar',NULL,'24859614','Sfax','1991-04-21','2024-01-10',NULL,NULL,1010,'MAGASINIER','ACTIF','2025-05-09 15:36:08','2025-05-09 15:36:08',NULL),(71,'Ben Mbarek','Walid',NULL,'23789654','Sidi Bouzid','1989-11-05','2023-09-20',NULL,NULL,990,'MAGASINIER','ACTIF','2025-05-09 15:36:08','2025-05-09 15:36:08',NULL),(72,'Bouraoui','Sofiene',NULL,'21458963','Kebili','1992-07-17','2023-08-10',NULL,NULL,950,'LIVREUR','ACTIF','2025-05-09 15:36:08','2025-05-09 15:36:08',NULL),(73,'Belhaj','Moez',NULL,'21874563','Gafsa','1993-05-03','2023-11-01',NULL,NULL,1000,'MAGASINIER','ACTIF','2025-05-09 15:36:08','2025-05-09 15:36:08',NULL),(74,'Mekki','Khalil',NULL,'27547896','Tunis','1991-06-09','2023-07-15',NULL,NULL,1050,'LIVREUR','ACTIF','2025-05-09 15:36:08','2025-05-09 15:36:08',NULL),(75,'Souissi','Kais',NULL,'23478596','Tunis','1994-08-24','2022-08-01',NULL,NULL,970,'MAGASINIER','ACTIF','2025-05-09 15:36:08','2025-05-09 15:36:08',NULL),(76,'Mansouri','Nader',NULL,'28547892','Tunis','1990-03-19','2023-05-25',NULL,NULL,980,'LIVREUR','ACTIF','2025-05-09 15:36:08','2025-05-09 15:36:08',NULL),(77,'Eddine','Sayf','Eddinesayf@gmail.com','96614020','Zriba Hamem, 1152',NULL,'2025-05-10',NULL,'azertyU123',NULL,'CLIENT','ACTIF','2025-05-09 23:32:15','2025-05-09 23:32:15',NULL);
/*!40000 ALTER TABLE `utilisateur` ENABLE KEYS */;
UNLOCK TABLES;
/*!40103 SET TIME_ZONE=@OLD_TIME_ZONE */;

/*!40101 SET SQL_MODE=@OLD_SQL_MODE */;
/*!40014 SET FOREIGN_KEY_CHECKS=@OLD_FOREIGN_KEY_CHECKS */;
/*!40014 SET UNIQUE_CHECKS=@OLD_UNIQUE_CHECKS */;
/*!40101 SET CHARACTER_SET_CLIENT=@OLD_CHARACTER_SET_CLIENT */;
/*!40101 SET CHARACTER_SET_RESULTS=@OLD_CHARACTER_SET_RESULTS */;
/*!40101 SET COLLATION_CONNECTION=@OLD_COLLATION_CONNECTION */;
/*!40111 SET SQL_NOTES=@OLD_SQL_NOTES */;

-- Dump completed on 2025-05-10  0:48:52
